"id_peserta","nama","nomor","nilai_akhir","periode_tahun","periode_bulan","periode_tanggal"
989,Shamus Luna,"3898151611",895.00,2020,6,1
77,Colette Ladds,"1217088377",851.00,2020,6,1
497,Nanny Trembley,"3365328394",832.00,2020,6,1
883,Eleen Wingrove,"0164479481",831.00,2020,6,1
673,Austine Hacard,"8211223031",822.00,2020,6,1
501,Jedd MacTeggart,"8075033280",800.00,2020,6,1
203,Margalo Linke,"0670815810",798.00,2020,6,1
441,Roldan McConnulty,"2833097158",793.00,2020,6,1
503,Inglis Obispo,"6025809984",784.00,2020,6,1
455,Sianna Ruane,"7638529863",778.00,2020,6,1
897,Kennie De Bellis,"4226964810",777.00,2020,6,1
879,Artemus Wordsworth,"2460351682",774.00,2020,6,1
525,Conroy Grima,"3923529805",772.00,2020,6,1
423,Flossie Dossett,"5803490202",764.00,2020,6,1
8,Mill Tabart,"6390618905",760.00,2020,6,1
445,Sigmund Talby,"6361115321",760.00,2020,6,1
121,Ainslie Livard,"8177213016",759.00,2020,6,1
260,Kristy McGarahan,"5707207686",759.00,2020,6,1
112,Kennett Fealey,"2208866827",753.00,2020,6,1
788,Mikael Pulteneye,"4361810850",744.00,2020,6,1
703,Andre Redmond,"5531800711",741.00,2020,6,1
235,Aubine Erskine Sandys,"3049511427",741.00,2020,6,1
579,Hilary Rawlins,"6939536388",741.00,2020,6,1
693,Ronny Losebie,"8833769461",741.00,2020,6,1
699,Gordie Getty,"5383518215",740.00,2020,6,1
926,Tandi Le Marchant,"4577808528",738.00,2020,6,1
59,Jourdan Boots,"9585192950",737.00,2020,6,1
831,Olivie Toretta,"9122515003",737.00,2020,6,1
313,Teresina Comino,"8386682310",731.00,2020,6,1
451,Arlyne Gladdolph,"5762185885",730.00,2020,6,1
962,Gilbert McDool,"1317454960",729.00,2020,6,1
45,Ricard Founds,"0282241906",729.00,2020,6,1
170,Darbee Kincla,"5432287617",728.00,2020,6,1
241,Phyllys Heckner,"7535452531",728.00,2020,6,1
68,Hyacinth Snozzwell,"9051904746",727.00,2020,6,1
502,Romonda McNelis,"8384670064",726.00,2020,6,1
106,Willette Gianolo,"8387851000",723.00,2020,6,1
55,Buffy Spiby,"5258653935",722.00,2020,6,1
832,Leticia Camell,"0916044297",721.00,2020,6,1
649,Quintina Bendall,"6277618997",717.00,2020,6,1
621,Anestassia McEntegart,"0395586267",714.00,2020,6,1
141,Brenna Blinder,"0931949084",714.00,2020,6,1
255,Jaime Ansill,"1185963367",713.00,2020,6,1
460,Karlik Meacher,"5505043380",712.00,2020,6,1
896,Carlie Bending,"4373826145",711.00,2020,6,1
117,Dana Pettifor,"0276829301",710.00,2020,6,1
262,Lindy Garred,"1304549135",707.00,2020,6,1
504,Mignon Szwarc,"4116909548",706.00,2020,6,1
544,Welbie Hanny,"5773721228",704.00,2020,6,1
756,Guy Smooth,"3879355797",703.00,2020,6,1
595,Dieter Rollingson,"0374731756",702.00,2020,6,1
494,Marthena Ballham,"0163990239",701.00,2020,6,1
947,Irina Rimour,"7442585191",699.00,2020,6,1
599,Dorothee Garrity,"5044588970",697.00,2020,6,1
969,Rufe Whittlesey,"2892860571",696.00,2020,6,1
534,Tracee Gianettini,"7275776316",695.00,2020,6,1
542,Sadie Hannan,"2037070543",694.00,2020,6,1
298,Calvin Osbourn,"4051300943",693.00,2020,6,1
977,Kinsley Loxley,"9272902444",692.00,2020,6,1
247,Luisa Francklin,"8331426479",692.00,2020,6,1
461,Tremain Tiltman,"7535724205",692.00,2020,6,1
580,Ax Allchorn,"6374148290",691.00,2020,6,1
608,Harlen Olivetti,"2523474956",691.00,2020,6,1
878,Merell Gundry,"9682357098",689.00,2020,6,1
180,Viva Mallen,"7487185834",688.00,2020,6,1
726,Hali Jouannin,"4731689740",686.00,2020,6,1
535,Venita O'Lunney,"7241785517",684.00,2020,6,1
597,Midge Coolbear,"8321334229",683.00,2020,6,1
105,Nicoli Byram,"1325376337",683.00,2020,6,1
192,Matti Borell,"4987326477",682.00,2020,6,1
224,Elbertine Zarfai,"3893075658",680.00,2020,6,1
650,Kayley Deeming,"0153646624",680.00,2020,6,1
877,Abbi Chevolleau,"7335028140",679.00,2020,6,1
122,Sybilla Ferschke,"2419491211",678.00,2020,6,1
800,Mathilda Jochanany,"5729914784",677.00,2020,6,1
730,Mendel MacKomb,"1895865549",676.00,2020,6,1
596,Kathryne Backe,"5368466749",675.00,2020,6,1
352,Roch Ryott,"8352407414",675.00,2020,6,1
770,Karola Fierro,"1417527315",674.00,2020,6,1
281,Vannie Broschke,"7713780726",674.00,2020,6,1
899,Donielle Spur,"1500561045",673.00,2020,6,1
613,Dorella Binnall,"4632308498",671.00,2020,6,1
80,Nicola Orans,"1461993644",671.00,2020,6,1
765,Erminie Treen,"6004895059",669.00,2020,6,1
378,Piotr Veart,"6539562594",669.00,2020,6,1
303,Theodoric Daud,"9218895257",669.00,2020,6,1
442,Wilburt Gammack,"3592672428",667.00,2020,6,1
964,Gisele Etherton,"3021593070",666.00,2020,6,1
791,Ilyse Munt,"8410503727",665.00,2020,6,1
110,Nikolai Youthead,"7858830457",665.00,2020,6,1
167,Noemi Close,"0870899325",665.00,2020,6,1
311,Avivah Cowoppe,"0713554843",664.00,2020,6,1
776,Baird Murfin,"0716535513",664.00,2020,6,1
867,Devy Dowden,"6954432946",664.00,2020,6,1
50,Salim Izchaki,"2983742555",663.00,2020,6,1
889,Lurleen Tumilson,"4744405576",662.00,2020,6,1
29,Quincy Jehaes,"3283005915",662.00,2020,6,1
676,Heinrik Eilles,"8903033639",661.00,2020,6,1
207,Kirby Cleary,"6669592760",660.00,2020,6,1
767,Odilia Root,"1371249458",660.00,2020,6,1
705,Geoff Connealy,"8575229672",659.00,2020,6,1
429,Neddy Groome,"1722304618",659.00,2020,6,1
25,Vilhelmina Fagence,"8924232983",658.00,2020,6,1
954,Claudie Haile,"9616912917",657.00,2020,6,1
327,Con Sparrow,"4663612997",656.00,2020,6,1
12,Hetti Nix,"3346442357",656.00,2020,6,1
179,Deedee Madgett,"8927471318",655.00,2020,6,1
515,Francoise Phelit,"1633967719",655.00,2020,6,1
700,Dennet Etheridge,"9308882375",654.00,2020,6,1
768,Kaila Filde,"4933116903",652.00,2020,6,1
453,Ettore Woolger,"8719205201",651.00,2020,6,1
860,Norbie Felten,"1620682699",650.00,2020,6,1
14,Marina Turk,"7767452514",649.00,2020,6,1
210,Jesus Yitzhak,"9034764478",648.00,2020,6,1
307,Rustin Brandrick,"8117975416",648.00,2020,6,1
755,Ericka Wimpress,"7330246611",644.00,2020,6,1
762,Kurtis Delahunty,"8944481881",644.00,2020,6,1
514,Philipa McTerlagh,"5742622589",644.00,2020,6,1
61,Helyn Lebrun,"2673393366",642.00,2020,6,1
72,Mora Ponten,"1262855713",642.00,2020,6,1
278,Blondell Mohring,"6022354919",641.00,2020,6,1
630,Erl Suller,"3667021240",641.00,2020,6,1
98,Linn Moyer,"3217503287",640.00,2020,6,1
383,Roselle Collington,"4741268926",640.00,2020,6,1
359,Cassandra Southan,"7387970165",639.00,2020,6,1
951,Dawna Antonacci,"1210662876",639.00,2020,6,1
199,Gardiner Clorley,"1712274864",638.00,2020,6,1
312,Carma Slopier,"1872785204",637.00,2020,6,1
532,Montague Mansion,"6363741181",637.00,2020,6,1
717,Phyllis Melburg,"7470926623",637.00,2020,6,1
570,Skipton Anton,"5595509481",636.00,2020,6,1
415,Gypsy Swafford,"8222519603",634.00,2020,6,1
511,Ogdan Eagan,"4115217065",634.00,2020,6,1
238,Rana Cranstone,"1935901036",634.00,2020,6,1
114,Edd Szymanski,"2767017562",633.00,2020,6,1
225,Gena Furnival,"4106564483",633.00,2020,6,1
982,Gaven Goodreid,"2306324913",632.00,2020,6,1
820,Sylvester O'Bradane,"6305223815",631.00,2020,6,1
803,Tansy Tellesson,"7406008007",631.00,2020,6,1
934,Teresita Nary,"8112487766",630.00,2020,6,1
186,Jacinthe McLenaghan,"4197792484",629.00,2020,6,1
284,Salem Agnew,"9952823649",629.00,2020,6,1
65,Almira Brealey,"2625470275",628.00,2020,6,1
793,Leeanne Maitland,"7014889303",628.00,2020,6,1
256,Sheffy Matoshin,"7904946629",627.00,2020,6,1
335,Germana Cicchinelli,"5067516372",626.00,2020,6,1
125,Ronica Dimberline,"6848483494",626.00,2020,6,1
100,Babb Testin,"2071084810",625.00,2020,6,1
400,Waneta Mc Dermid,"5072342395",625.00,2020,6,1
848,Claudetta Jayme,"6775149735",623.00,2020,6,1
602,Inez Falkus,"7595357861",623.00,2020,6,1
310,Jamil Bagshawe,"4440887546",622.00,2020,6,1
258,Minnnie Curless,"7252073068",622.00,2020,6,1
344,Kate Keattch,"3589312416",621.00,2020,6,1
605,Tome Janus,"6361479684",621.00,2020,6,1
859,Marice Claffey,"4622919524",620.00,2020,6,1
123,Nanon Oakwood,"0944304990",620.00,2020,6,1
986,Thea Corben,"2428176587",620.00,2020,6,1
462,Idalina Denk,"1719132070",619.00,2020,6,1
551,Raphaela Spread,"3282416024",619.00,2020,6,1
23,Arlinda Beckers,"6059989659",618.00,2020,6,1
361,Hubert Voller,"5907702036",617.00,2020,6,1
660,Fanechka Christophers,"9606054209",615.00,2020,6,1
733,Roxanna Tracy,"5044326887",615.00,2020,6,1
399,Malcolm Rangell,"9764153402",614.00,2020,6,1
38,Millisent Eagger,"3109093197",614.00,2020,6,1
802,Udell Pountney,"4947076585",614.00,2020,6,1
10,Anselm Billany,"8420020044",613.00,2020,6,1
715,Catriona Furbank,"9628078127",611.00,2020,6,1
999,Alie Tapping,"3687023419",609.00,2020,6,1
749,Gibbie Wagge,"8702706881",609.00,2020,6,1
215,Hewie Mallabund,"8430729542",608.00,2020,6,1
523,Leicester Nornable,"0401744558",608.00,2020,6,1
119,Niels Sausman,"6702453094",608.00,2020,6,1
337,Cullan Hazael,"6145758120",607.00,2020,6,1
111,Giovanni Baldry,"0712376720",606.00,2020,6,1
870,Serena Espadater,"2983882853",606.00,2020,6,1
910,Tull Dunbobin,"6463065781",606.00,2020,6,1
893,Yvonne Copper,"2805799747",606.00,2020,6,1
545,Idalia Martyntsev,"8739628183",605.00,2020,6,1
748,Malory Heard,"3518615971",605.00,2020,6,1
402,Bard Imms,"6780213578",604.00,2020,6,1
806,Krishnah Springham,"1632380862",604.00,2020,6,1
288,Silvana McCrudden,"5348581216",604.00,2020,6,1
96,Lowell Wyer,"2202807667",603.00,2020,6,1
185,Shandra Hoggan,"0448179164",603.00,2020,6,1
381,Bailie McCathie,"5376814947",602.00,2020,6,1
242,Dari Mollatt,"4932541635",602.00,2020,6,1
277,Lettie Laffranconi,"7938428477",602.00,2020,6,1
148,Renaud Philipeau,"6272796943",602.00,2020,6,1
875,Chariot Comber,"8419539511",601.00,2020,6,1
161,Aarika Wilkenson,"3604875269",600.00,2020,6,1
147,Brucie Conen,"6354063583",600.00,2020,6,1
328,Hanni Singleton,"8886064853",600.00,2020,6,1
102,Philipa Clara,"0108497747",600.00,2020,6,1
275,Wainwright Anthonies,"9613740163",600.00,2020,6,1
912,Angelico Souley,"4822103889",599.00,2020,6,1
663,Jehu Rehorek,"3295115079",599.00,2020,6,1
603,Ophelia Beamont,"7006003504",598.00,2020,6,1
239,Patrice Janda,"7137299482",598.00,2020,6,1
799,Ursulina MacCartan,"1878250213",598.00,2020,6,1
681,Frederigo Raynton,"6739353387",597.00,2020,6,1
839,Ricard Giovannelli,"1611244188",597.00,2020,6,1
150,Giorgio Nuschke,"3253759806",596.00,2020,6,1
394,Hymie Worsfold,"8449848997",596.00,2020,6,1
188,Irina Vasenkov,"3383708683",596.00,2020,6,1
82,Kaycee Thurstan,"6863283719",596.00,2020,6,1
246,Moritz Sanz,"2527118437",596.00,2020,6,1
845,Pryce Kingcott,"7905476464",596.00,2020,6,1
814,Yancy Keigher,"5440685677",596.00,2020,6,1
163,Bank Critcher,"7320130688",595.00,2020,6,1
505,Clementia Sulter,"1395133700",595.00,2020,6,1
250,Klarrisa Winslow,"4977492404",595.00,2020,6,1
165,Milka Villa,"5515907183",595.00,2020,6,1
677,Kerry Conyer,"6053740640",594.00,2020,6,1
729,Megan Grinishin,"9868562082",594.00,2020,6,1
804,Rolando Tapper,"8864867821",594.00,2020,6,1
364,Shayla Podbury,"0461920360",594.00,2020,6,1
828,Tabor Sultana,"0001037846",594.00,2020,6,1
672,Bibby Lackinton,"2756871079",593.00,2020,6,1
546,Delila Kenington,"5174942359",593.00,2020,6,1
529,Jacenta Matveyev,"5762212076",593.00,2020,6,1
653,Naoma Rosencrantz,"0663687616",593.00,2020,6,1
44,Bob Trenam,"5417508020",592.00,2020,6,1
540,Nigel Cantos,"6234493696",592.00,2020,6,1
488,Tab Tinton,"6497667482",592.00,2020,6,1
362,Xylia Littell,"0931981883",592.00,2020,6,1
616,Em Friary,"5238868863",591.00,2020,6,1
956,Kelly Le Barre,"1904624847",591.00,2020,6,1
76,Hansiain Dobbings,"7122242293",590.00,2020,6,1
424,Chryste Walklott,"4930482984",588.00,2020,6,1
638,Crysta Myott,"1958282081",588.00,2020,6,1
380,Lynelle Gegay,"6798588395",588.00,2020,6,1
54,Vergil McQuillan,"1758716193",588.00,2020,6,1
69,Carter Simonian,"3480642098",587.00,2020,6,1
53,Heywood Scobie,"5066134875",587.00,2020,6,1
350,Junie Caiger,"4594881335",587.00,2020,6,1
347,Tarrance Beckford,"7557464168",587.00,2020,6,1
124,Gil Jacobi,"5445520323",586.00,2020,6,1
56,Hershel Corbet,"1405903139",586.00,2020,6,1
391,Waneta Blaxlande,"5111661751",586.00,2020,6,1
454,Brenn Mc Combe,"4179359324",585.00,2020,6,1
323,Marlon Gough,"2675151963",585.00,2020,6,1
373,Doloritas Bewsy,"2759292924",583.00,2020,6,1
405,Lambert Slyde,"2380266468",583.00,2020,6,1
222,Larine Tabourin,"7892582339",583.00,2020,6,1
129,Meggy Wreak,"0154731927",583.00,2020,6,1
282,Amie Greep,"7367172042",582.00,2020,6,1
11,Rowena Aubri,"0707970911",582.00,2020,6,1
338,Ethelyn Borrott,"8636602785",581.00,2020,6,1
292,Aryn Karsh,"3039502034",580.00,2020,6,1
939,Lola Haberjam,"6057393783",580.00,2020,6,1
664,Lutero Jobb,"0542834448",580.00,2020,6,1
58,Page Ivanchov,"6371843028",580.00,2020,6,1
94,Felicia Nudds,"3828053408",579.00,2020,6,1
917,Romonda O'Shiels,"9310668636",579.00,2020,6,1
682,Constantino Tuckwood,"7042174194",578.00,2020,6,1
656,Timofei Ryley,"7745665418",578.00,2020,6,1
996,Diena Janiak,"0651754267",577.00,2020,6,1
640,Elora Gerold,"7954725669",577.00,2020,6,1
229,Felipe Sherrock,"4748819057",577.00,2020,6,1
958,Hi Von Gladbach,"3966647486",577.00,2020,6,1
928,Ardeen Goady,"6774323383",576.00,2020,6,1
678,Catha Gallgher,"8378443043",576.00,2020,6,1
309,Ekaterina Lukacs,"0281032289",576.00,2020,6,1
796,Griffith Pinnijar,"2583457438",576.00,2020,6,1
698,Jeanie Sager,"6085764596",576.00,2020,6,1
139,Swen Batalle,"0011227923",576.00,2020,6,1
26,Ivory Daniells,"6579944560",575.00,2020,6,1
232,Merrill Coper,"7712314675",575.00,2020,6,1
30,Forest Simioli,"9176600424",574.00,2020,6,1
747,Tuck Lofty,"1120124026",574.00,2020,6,1
994,Clio Thurling,"6601701424",573.00,2020,6,1
74,Davy Pochet,"1702029638",572.00,2020,6,1
949,Fenelia Blagden,"7977868555",572.00,2020,6,1
644,Jervis Surgeon,"7923603561",572.00,2020,6,1
113,Lloyd Deares,"0468290745",572.00,2020,6,1
923,Sandy Fandrich,"4809509893",572.00,2020,6,1
178,Adelice Weldrake,"1647706858",571.00,2020,6,1
496,Marti Steet,"4636368681",571.00,2020,6,1
476,Opaline Bathurst,"1093301589",571.00,2020,6,1
547,Normie Buffey,"6630299825",570.00,2020,6,1
433,Waylin Pettecrew,"3592921258",570.00,2020,6,1
609,Dayna Bracknell,"9155386393",569.00,2020,6,1
704,Franklyn Carles,"6146832944",569.00,2020,6,1
620,Tabbitha Pennrington,"8070749636",569.00,2020,6,1
569,Adela MacNeachtain,"3514593523",568.00,2020,6,1
606,Lian Matityahu,"4527860364",568.00,2020,6,1
226,Auberon Lambeth,"1649975686",567.00,2020,6,1
821,Claudina Flucks,"4432440287",567.00,2020,6,1
577,Dolph Carson,"0139148973",567.00,2020,6,1
758,Harriot Margetson,"7898759095",567.00,2020,6,1
172,Katheryn ducarme,"7232827059",567.00,2020,6,1
162,Nona Selcraig,"8749395254",567.00,2020,6,1
319,Cob Stile,"6147401769",566.00,2020,6,1
866,Wallie Record,"1656057549",566.00,2020,6,1
943,Kaitlyn Forster,"1753456932",565.00,2020,6,1
530,Napoleon Hovington,"2908967499",565.00,2020,6,1
894,Amie Droghan,"3019278309",562.00,2020,6,1
711,Antonella Shelmardine,"3953491725",562.00,2020,6,1
786,Dar Punchard,"2640837729",562.00,2020,6,1
612,Rosene Kirsopp,"4220298177",562.00,2020,6,1
4,Faye Reddy,"4215871417",561.00,2020,6,1
108,Sylvia Mouland,"2116901952",561.00,2020,6,1
126,Gerta Kellegher,"6227153117",560.00,2020,6,1
538,Chet Oldacre,"7681947353",559.00,2020,6,1
456,Salomon Bramsom,"1704311462",559.00,2020,6,1
784,Anabelle McBeith,"8494704036",558.00,2020,6,1
892,Dion Oleksiak,"7164804125",558.00,2020,6,1
751,Dalston Persian,"9883146191",557.00,2020,6,1
151,Cele Bear,"1527123693",556.00,2020,6,1
750,Jarid Aisthorpe,"4720655262",556.00,2020,6,1
375,Berty Korneluk,"2146092920",555.00,2020,6,1
89,Emyle Cholerton,"2681141117",555.00,2020,6,1
604,Xenia Beardshall,"4836595347",555.00,2020,6,1
985,Katina Bainbridge,"3837002497",554.00,2020,6,1
666,Truda Reggiani,"5612112963",554.00,2020,6,1
957,Zedekiah Kislingbury,"1181611016",554.00,2020,6,1
296,Dela Bellchamber,"9891577902",553.00,2020,6,1
981,Matthiew Gillooly,"3929068567",553.00,2020,6,1
861,Rosene Tidcomb,"6645303106",553.00,2020,6,1
953,Annabell Van der Velde,"1001083741",552.00,2020,6,1
189,Davin Gissop,"8806035274",551.00,2020,6,1
592,Wilfred Powney,"1247622797",551.00,2020,6,1
701,Claudina Teresia,"8217245746",550.00,2020,6,1
140,Gene Kemwall,"8412980999",550.00,2020,6,1
434,Maxim Tortoishell,"8390157918",550.00,2020,6,1
103,Orelle Langland,"2860659382",550.00,2020,6,1
782,Umberto Slaght,"1343275873",550.00,2020,6,1
358,Gerrie Ganiclef,"0244911754",549.00,2020,6,1
725,Helli Blacklawe,"6163886852",549.00,2020,6,1
760,Ruthe Yanukhin,"5782541202",549.00,2020,6,1
390,Chadwick Hogben,"6366892695",548.00,2020,6,1
643,Cory Fantonetti,"5724098946",548.00,2020,6,1
876,Cristobal Olkowicz,"8733857024",548.00,2020,6,1
553,Gerianne Pedroli,"1294401696",548.00,2020,6,1
329,Jacklyn Drewitt,"6410146132",548.00,2020,6,1
780,Jocelin Borer,"0241249996",548.00,2020,6,1
825,Vernice Dudny,"0877948704",548.00,2020,6,1
196,Merola Poxson,"0833170538",547.00,2020,6,1
268,Benny Garlic,"2773231031",546.00,2020,6,1
919,Chas Sherer,"7642826281",546.00,2020,6,1
862,Garrot Eliaz,"0694223107",546.00,2020,6,1
998,Henri Bewshea,"2702569161",546.00,2020,6,1
474,Darline Vina,"3121829270",545.00,2020,6,1
379,Bellina Syddie,"5806473554",544.00,2020,6,1
838,Melany Suddick,"3979569543",544.00,2020,6,1
371,Nelle Turvie,"3654263720",544.00,2020,6,1
997,Winthrop Gaylor,"5520033463",544.00,2020,6,1
92,Alleen Halvosen,"0574447741",543.00,2020,6,1
856,Bard Pieroni,"9726316219",543.00,2020,6,1
718,Edeline Dooney,"6135600478",543.00,2020,6,1
651,Kirk Giovanardi,"2760955753",542.00,2020,6,1
286,Murdock Wanden,"6730602295",541.00,2020,6,1
960,Quinton Gomes,"2520617942",541.00,2020,6,1
360,Elenore Caff,"2028959177",540.00,2020,6,1
661,Flora Aughton,"3352863172",540.00,2020,6,1
374,Janifer Martinon,"0759727821",540.00,2020,6,1
36,Susi Steventon,"1195672144",540.00,2020,6,1
965,Barny Leheude,"7005711068",539.00,2020,6,1
909,Carissa Parkyn,"1368028209",539.00,2020,6,1
252,Hunt Breagan,"3517560650",539.00,2020,6,1
219,Jobi Scobbie,"1903083443",539.00,2020,6,1
130,Jud Lemar,"2492579972",539.00,2020,6,1
797,Montague Savell,"0461666340",539.00,2020,6,1
438,Tiphani Fairburne,"2023567971",539.00,2020,6,1
775,Corabelle Clacey,"6774203361",538.00,2020,6,1
194,Debbi Durman,"6106965900",538.00,2020,6,1
403,Pru Cazereau,"2824046538",538.00,2020,6,1
706,Sophronia McCullogh,"0627493432",538.00,2020,6,1
19,Davida Whetland,"7401880431",536.00,2020,6,1
817,Claiborne Penhall,"6801557203",535.00,2020,6,1
823,Trudy Seak,"9832604265",535.00,2020,6,1
645,Deane Rudge,"4859455746",534.00,2020,6,1
950,Kathryne Goodison,"8647725778",534.00,2020,6,1
822,Mar Lipscomb,"6944932253",534.00,2020,6,1
938,Marlon Duplock,"2541863055",534.00,2020,6,1
51,Harley Leirmonth,"6520912158",533.00,2020,6,1
143,Reggy Summerill,"7626643917",531.00,2020,6,1
95,Rosamond Crooks,"7936341889",531.00,2020,6,1
392,Bibi Dowyer,"2276198265",530.00,2020,6,1
290,Farly Main,"7699391829",530.00,2020,6,1
853,Hedvige Sier,"8657165961",530.00,2020,6,1
6,Sybille Itzakovitz,"1418198862",530.00,2020,6,1
944,Wang Volkes,"4026100480",530.00,2020,6,1
71,Angy Soughton,"3802416023",529.00,2020,6,1
259,Jaclin Climpson,"6930518492",529.00,2020,6,1
101,Sam Everall,"7186047122",529.00,2020,6,1
697,Emmalynne Inchan,"1774246619",528.00,2020,6,1
175,Siffre Begg,"2637313994",527.00,2020,6,1
734,Fawn Allport,"5969209325",526.00,2020,6,1
93,Harlen Notton,"1547109955",526.00,2020,6,1
481,Verine Pleuman,"6787513623",526.00,2020,6,1
475,Cordell Gerrietz,"0379725061",525.00,2020,6,1
439,Gussi von Hagt,"0362142769",525.00,2020,6,1
269,Joane Elvin,"7397597688",525.00,2020,6,1
271,Wyatt Yashin,"1020692812",525.00,2020,6,1
187,Pail Andreu,"5462409125",523.00,2020,6,1
610,Vere Cainey,"9040151849",523.00,2020,6,1
160,Karim Padrick,"5219180258",522.00,2020,6,1
318,Lanette Tomaskunas,"0320882616",522.00,2020,6,1
963,Meryl Pattenden,"9239930469",522.00,2020,6,1
452,Bethena Ormesher,"0981207367",521.00,2020,6,1
131,Geoffrey Ricket,"8339253999",521.00,2020,6,1
880,Gusty De Winton,"2602706116",521.00,2020,6,1
201,Harlin Freer,"5655495694",521.00,2020,6,1
702,Selie Parton,"3485413844",521.00,2020,6,1
274,Terry McInally,"2804514145",521.00,2020,6,1
153,Arlena Walch,"9182671583",520.00,2020,6,1
667,Joli Scallan,"1590330366",520.00,2020,6,1
593,Cyb Forst,"3148964306",519.00,2020,6,1
622,Goddart Skures,"3085825452",519.00,2020,6,1
891,Gilli Emptage,"0518125599",518.00,2020,6,1
753,Jules Lacrouts,"8488525044",518.00,2020,6,1
326,Sollie Kilgrew,"5612667337",518.00,2020,6,1
513,Danette Darth,"3570685454",517.00,2020,6,1
40,Hallie Lintott,"2061361498",517.00,2020,6,1
154,Hildagard Munns,"3616100267",517.00,2020,6,1
233,Isabelle Doyle,"6642234839",517.00,2020,6,1
168,Linea Bucknill,"5812682666",517.00,2020,6,1
933,Phillipp Purchall,"3858603805",517.00,2020,6,1
177,Victoir Averall,"6407553334",517.00,2020,6,1
443,Cam Balthasar,"8008797029",516.00,2020,6,1
626,Kassi Lillegard,"6941173505",516.00,2020,6,1
922,Juliana Ast,"0676821510",515.00,2020,6,1
980,Brooke Gornall,"8373685634",514.00,2020,6,1
601,Ebenezer Blakeslee,"2671558201",514.00,2020,6,1
330,Noella Purchase,"1925338967",514.00,2020,6,1
174,Guntar Tremelling,"0278551890",513.00,2020,6,1
735,Hanna Bouda,"2787042015",513.00,2020,6,1
974,Kirsteni Skures,"9061359635",513.00,2020,6,1
712,Marcelline Tolworth,"2507196009",513.00,2020,6,1
795,Damien Garlic,"5704882757",512.00,2020,6,1
283,Lew Gorring,"5665863475",512.00,2020,6,1
975,Alexina Daltrey,"7282023778",511.00,2020,6,1
206,Angelita Pirot,"2886397385",511.00,2020,6,1
695,Angus Rossiter,"2347349414",511.00,2020,6,1
79,Barnie Feragh,"7021851537",511.00,2020,6,1
473,Brita Hannond,"2551436281",511.00,2020,6,1
171,Cassondra Kerry,"2602677868",511.00,2020,6,1
978,David Zecchinelli,"6138751892",511.00,2020,6,1
135,Decca Varker,"8640018669",510.00,2020,6,1
619,Dasha Thunnercliff,"4310205445",509.00,2020,6,1
302,Devina Weale,"1739415388",509.00,2020,6,1
184,Lyn Paylor,"6504396035",509.00,2020,6,1
273,Lynnell Imlen,"0813736234",509.00,2020,6,1
16,Randell Matyushonok,"5225729169",509.00,2020,6,1
370,Randolph Rimell,"5885293147",509.00,2020,6,1
819,Wynn Attlee,"9776131360",509.00,2020,6,1
581,Gertruda Darragh,"7610210749",508.00,2020,6,1
521,Idalia Pernell,"3432539096",508.00,2020,6,1
777,Jewelle Marrow,"1755277768",508.00,2020,6,1
833,Nisse Colten,"4620756865",508.00,2020,6,1
244,Tammie Bickerstaff,"6092007290",508.00,2020,6,1
205,Kitti Verlinden,"4084162809",507.00,2020,6,1
522,Amelita Greder,"7601806006",506.00,2020,6,1
482,Byrann Clem,"2335811002",506.00,2020,6,1
393,Gareth Gotts,"1343170257",506.00,2020,6,1
709,Caprice Aggett,"6158201251",505.00,2020,6,1
404,Rooney Sheivels,"2138297276",505.00,2020,6,1
743,Shaw Paszak,"5035476847",505.00,2020,6,1
204,Shelby MacMaykin,"2033709930",505.00,2020,6,1
306,Ludovika Koenen,"3661656589",504.00,2020,6,1
477,Rosalind Aslin,"0972001700",504.00,2020,6,1
182,Sunshine Watmore,"6273538948",504.00,2020,6,1
537,Alyce O'Farrell,"0134864735",503.00,2020,6,1
158,Nonie Spat,"7355394622",503.00,2020,6,1
315,Rafi Elvy,"4333447208",503.00,2020,6,1
149,Adrienne Torre,"6526552234",502.00,2020,6,1
846,Bartholemy Feldberg,"5269361280",502.00,2020,6,1
914,Briggs Mabone,"7605250207",502.00,2020,6,1
737,Truman Durnin,"2108539859",502.00,2020,6,1
739,Pennie Rule,"5918576495",501.00,2020,6,1
39,Robin Mattheus,"9521003731",501.00,2020,6,1
492,Vinny Sautter,"4315682853",501.00,2020,6,1
688,Aurthur Klosser,"8415329784",500.00,2020,6,1
531,Bartholomeus Gamlyn,"6693915590",500.00,2020,6,1
590,Hannah Say,"1898459940",500.00,2020,6,1
801,Ambrose Farnill,"6690509133",499.00,2020,6,1
133,Dedie Feavers,"0731390520",499.00,2020,6,1
517,Griffin Ferreri,"6767746754",499.00,2020,6,1
510,Onofredo Hellikes,"7612643448",499.00,2020,6,1
325,Fawne Burnep,"1740227409",498.00,2020,6,1
209,Dewie Saint,"6677966534",497.00,2020,6,1
202,Kiele Yakovliv,"7884246406",497.00,2020,6,1
52,Winston Mitchiner,"7782413028",497.00,2020,6,1
874,Alonso Simonett,"2007787229",496.00,2020,6,1
254,Courtnay O' Dooley,"4548905804",496.00,2020,6,1
722,Dody Grestye,"5622428904",496.00,2020,6,1
855,Jamil Grigolon,"4654663606",496.00,2020,6,1
419,Cris Allridge,"9775108675",495.00,2020,6,1
120,Eugenius Errichi,"9413603065",495.00,2020,6,1
470,Tootsie Weddup,"6617712609",495.00,2020,6,1
571,Ezra Quade,"1347676600",493.00,2020,6,1
437,Heida Isitt,"3126487432",493.00,2020,6,1
836,Nicoli Elsmor,"7418158599",493.00,2020,6,1
627,Genovera Smallshaw,"0035986514",492.00,2020,6,1
625,Leupold Gomar,"0979313554",492.00,2020,6,1
367,Catie Handmore,"8811303664",491.00,2020,6,1
835,Jesselyn Cushworth,"9774589254",491.00,2020,6,1
24,Kendell Wickwarth,"9097178053",491.00,2020,6,1
208,Levi Kropach,"3849165035",491.00,2020,6,1
927,Rhianon Barstow,"6556287741",491.00,2020,6,1
345,Ursola De Cruce,"2310966037",491.00,2020,6,1
264,Codie Pau,"2136331647",490.00,2020,6,1
740,Fanni Hollingshead,"0679195106",490.00,2020,6,1
940,Susana Catchpole,"1866180428",490.00,2020,6,1
692,Windy Metzke,"8245718289",490.00,2020,6,1
489,Keslie Rodger,"8544537898",489.00,2020,6,1
449,Lyndsie Manders,"4846142302",489.00,2020,6,1
84,Rachele Kasting,"0897877063",489.00,2020,6,1
834,Renee de Grey,"2980698520",489.00,2020,6,1
432,Aubrey Midgely,"8310698879",488.00,2020,6,1
88,Rance Farryann,"5278285672",488.00,2020,6,1
572,Ringo Sacchetti,"6039726415",488.00,2020,6,1
794,Roddy Widdop,"0307082695",488.00,2020,6,1
858,Russell Driver,"3458138285",488.00,2020,6,1
2,Tully Rigler,"3878924534",488.00,2020,6,1
157,Andre Fenner,"6505902651",487.00,2020,6,1
409,Brnaba Brixey,"2785196333",487.00,2020,6,1
416,Dov Hawse,"8236134172",487.00,2020,6,1
614,Megan Fenech,"1381083064",487.00,2020,6,1
955,Stevie Raysdale,"9585160110",487.00,2020,6,1
334,Andreas Olliver,"3932247124",486.00,2020,6,1
382,Bobbye Rocca,"0471025062",486.00,2020,6,1
691,Lorettalorna Jehu,"9805329054",486.00,2020,6,1
708,Sapphira Pesselt,"7069007388",486.00,2020,6,1
898,Bondon Canland,"3923596677",485.00,2020,6,1
86,Francis Boness,"4807071858",485.00,2020,6,1
5,Celina Trevenu,"7771512682",484.00,2020,6,1
764,Hervey Snodin,"3185881389",484.00,2020,6,1
408,Callie Bottom,"3880544174",483.00,2020,6,1
145,Giraldo Grimshaw,"9850651245",483.00,2020,6,1
396,Timmi Beadham,"3034591977",483.00,2020,6,1
467,Violetta Rayment,"4165000701",483.00,2020,6,1
240,Cordell Neggrini,"3696201383",482.00,2020,6,1
811,Edouard Honack,"1251115829",482.00,2020,6,1
62,Jacob Proffitt,"9711828073",482.00,2020,6,1
236,Oswell Crilley,"2527059031",482.00,2020,6,1
265,Aubry Lipson,"9685820600",481.00,2020,6,1
410,Enrico Croad,"9913822807",481.00,2020,6,1
509,Jeremie Lundbech,"9362104148",481.00,2020,6,1
389,Shermie Reboulet,"4935663790",481.00,2020,6,1
742,Berri Brailey,"7455771886",480.00,2020,6,1
669,Merna Orbon,"1089390025",480.00,2020,6,1
555,Winnah Witty,"6607393780",480.00,2020,6,1
127,Grace Hallstone,"0431214344",479.00,2020,6,1
228,Kaitlin Simison,"8831141880",479.00,2020,6,1
407,Bronny Cogzell,"8761496855",478.00,2020,6,1
295,Frasier MacCoughan,"1596204621",478.00,2020,6,1
636,Shawna Rosas,"2415431532",478.00,2020,6,1
587,Carly Lockyear,"4768592295",477.00,2020,6,1
322,Raimund Melmar,"4947768266",475.00,2020,6,1
217,Agnese Biddlestone,"1391302443",474.00,2020,6,1
655,Cordelia Glasson,"7734212387",474.00,2020,6,1
696,Darcey Grut,"2090187255",474.00,2020,6,1
615,Elston Dessent,"7602396065",474.00,2020,6,1
907,Xever McArte,"8962236540",474.00,2020,6,1
230,Ange Turvie,"6918467867",473.00,2020,6,1
104,Sibylla Berard,"7856609591",473.00,2020,6,1
554,Adelina Sharpous,"6658909776",472.00,2020,6,1
830,Anitra Aylen,"3979139948",472.00,2020,6,1
428,Fedora Bettison,"2477405713",472.00,2020,6,1
719,Terry Lowcock,"5954717311",472.00,2020,6,1
227,Cassondra Bittlestone,"2908649675",471.00,2020,6,1
218,Patricio Goodliff,"9870023118",471.00,2020,6,1
466,Rodolfo Aldgate,"2989252363",471.00,2020,6,1
578,Adria Malinowski,"9656142942",470.00,2020,6,1
772,Gustave Borchardt,"8503914387",470.00,2020,6,1
920,Kristien Sharer,"0735193991",470.00,2020,6,1
75,Pasquale Pavyer,"1993316558",470.00,2020,6,1
769,Adi Bottini,"2738501893",469.00,2020,6,1
869,Ivonne Baudrey,"3922549462",469.00,2020,6,1
425,Dickie Ginity,"8448311310",468.00,2020,6,1
921,Johnette Signorelli,"8016182259",468.00,2020,6,1
918,Anton Eudall,"5503893018",467.00,2020,6,1
588,Carleton Maycock,"0114400938",467.00,2020,6,1
816,Gilemette Olrenshaw,"1801809550",467.00,2020,6,1
118,Maria Sher,"1722910968",467.00,2020,6,1
299,Sydelle Leggis,"0911830871",467.00,2020,6,1
289,Candide Pietzner,"5886857893",466.00,2020,6,1
91,Brenda Bonick,"2641066513",465.00,2020,6,1
948,Heywood Emblin,"5438711542",465.00,2020,6,1
988,Tory Pavier,"0864094965",465.00,2020,6,1
263,Britta Clemenzi,"8720501854",463.00,2020,6,1
966,Flynn Ritchie,"6156276920",463.00,2020,6,1
49,Korry Wilkerson,"9438522441",463.00,2020,6,1
598,Robb Rigglesford,"3689123844",463.00,2020,6,1
983,Tory Wetherell,"3624805762",463.00,2020,6,1
941,Daveta Chaters,"9048990971",462.00,2020,6,1
21,Em MacIlurick,"3611588741",462.00,2020,6,1
589,Loleta Simonich,"1038062497",462.00,2020,6,1
220,Nerissa Guerrero,"6200393168",462.00,2020,6,1
881,Phelia Fritschmann,"7101163815",462.00,2020,6,1
195,Ramona McNellis,"9374206293",462.00,2020,6,1
774,Paddy Natte,"6061536321",461.00,2020,6,1
464,Bobby Casier,"5297731852",460.00,2020,6,1
519,Ellary Hammerson,"8642795468",460.00,2020,6,1
132,Christian Alcorn,"5576123042",459.00,2020,6,1
159,Drucill Drance,"5250074731",459.00,2020,6,1
552,Jeniece Sabate,"7806114629",459.00,2020,6,1
440,Leo Mintoft,"2314142292",459.00,2020,6,1
483,Sylvia Hubbucks,"6133326107",459.00,2020,6,1
270,Lauryn Toller,"8501536253",458.00,2020,6,1
745,Shae Anthill,"0354603191",458.00,2020,6,1
662,Antonin Idenden,"2802532294",457.00,2020,6,1
847,Carson Gerrill,"7157678632",457.00,2020,6,1
852,Emalee Gouck,"8478089551",457.00,2020,6,1
683,Emlynne Bywaters,"1092485759",457.00,2020,6,1
908,Enrika Moody,"4268314911",457.00,2020,6,1
990,Laurens Redding,"9040055327",457.00,2020,6,1
413,Lucky Asif,"4368693558",457.00,2020,6,1
472,Onfroi Ricciardello,"9410765293",457.00,2020,6,1
57,Price Full,"4735216421",457.00,2020,6,1
779,Essa Daugherty,"0205667694",456.00,2020,6,1
357,Jillie McCauley,"8899406103",456.00,2020,6,1
343,Margaretha Gibb,"0193128411",456.00,2020,6,1
293,Vaughan Ryder,"0046882707",456.00,2020,6,1
984,Bearnard Brennenstuhl,"7726083395",455.00,2020,6,1
731,Jessamyn Tuckley,"6617223403",455.00,2020,6,1
905,Leena Luckes,"1471215199",455.00,2020,6,1
658,Kath Macer,"6502198740",454.00,2020,6,1
321,Lock Filkin,"2365941907",454.00,2020,6,1
654,Rudolph Duffil,"6395344811",454.00,2020,6,1
576,Stevena Haycock,"7271444777",454.00,2020,6,1
333,Suzy Querree,"5154983629",454.00,2020,6,1
993,Annemarie Brearley,"3600515195",453.00,2020,6,1
64,Gregoire Pepin,"3567635050",453.00,2020,6,1
499,Guinevere Sprankling,"3693746044",453.00,2020,6,1
251,Isak Abel,"5327648338",453.00,2020,6,1
952,Gretna O'Cannan,"3175461735",452.00,2020,6,1
857,Jennilee Everix,"0557433606",452.00,2020,6,1
27,Benedetto Kilbey,"2796396207",451.00,2020,6,1
634,Consalve Fritter,"6601995185",451.00,2020,6,1
694,Derrick Lehrer,"8676942730",451.00,2020,6,1
815,Nealson Kirvell,"6816002873",451.00,2020,6,1
414,Stu Seamer,"1652374035",451.00,2020,6,1
901,Adda Grimwood,"9219564645",450.00,2020,6,1
272,Jock Regenhardt,"4368896769",450.00,2020,6,1
812,Hillel Videan,"8168628241",449.00,2020,6,1
783,Brinn Haggard,"1692872966",448.00,2020,6,1
421,Ivy Burgisi,"1222000474",448.00,2020,6,1
386,Juline Hegge,"1136455094",448.00,2020,6,1
317,Meggi Darrigrand,"9244366630",448.00,2020,6,1
418,Bradly Holywell,"4944958226",447.00,2020,6,1
446,Luther Tewkesbury.,"3839608155",447.00,2020,6,1
560,Reyna Timpany,"6964120688",447.00,2020,6,1
617,Frannie Sapson,"8296349108",446.00,2020,6,1
583,Richmound Dalziel,"8103087971",446.00,2020,6,1
611,Amie Braemer,"8239295509",445.00,2020,6,1
66,Jamison Roderigo,"6070032055",445.00,2020,6,1
684,Elfreda Collinette,"9153800435",444.00,2020,6,1
900,Lovell Tuxwell,"1067435972",444.00,2020,6,1
216,Myrwyn Drinkel,"4123498329",444.00,2020,6,1
384,Ericka Shall,"4874758436",443.00,2020,6,1
913,Felipa Leonard,"2364447623",443.00,2020,6,1
508,Ike Brewitt,"4493883138",443.00,2020,6,1
790,Bunni Langmuir,"0102960518",442.00,2020,6,1
78,Ray Alvy,"1790653797",442.00,2020,6,1
87,Tasha Balk,"9267507893",442.00,2020,6,1
490,Wenona Frawley,"0898569451",442.00,2020,6,1
459,Cecile Joseland,"8384338213",441.00,2020,6,1
738,Libbie Cropper,"4592579895",441.00,2020,6,1
840,Niko Gietz,"9499830618",441.00,2020,6,1
771,Paolina Marchington,"0357185390",441.00,2020,6,1
387,Wrennie De Souza,"1274754968",441.00,2020,6,1
582,Jereme Dodsworth,"6380906630",440.00,2020,6,1
266,Tobias Cleve,"1637900686",440.00,2020,6,1
377,Dorothee Unger,"5875220104",439.00,2020,6,1
85,Federica Doughartie,"6499758590",439.00,2020,6,1
895,Ki Hallgate,"8455399392",438.00,2020,6,1
257,Florencia Fitzsymonds,"1990549055",437.00,2020,6,1
935,Dayle Tetther,"4082116958",436.00,2020,6,1
639,Simonne Fliege,"0780162188",435.00,2020,6,1
924,Vonni Banasiak,"2078940461",435.00,2020,6,1
559,Addison Coyne,"6631625203",434.00,2020,6,1
727,Prinz Dicks,"5600082622",434.00,2020,6,1
17,Rogerio Kmicicki,"6952518878",434.00,2020,6,1
668,Shena Dougher,"7413912813",434.00,2020,6,1
146,Chlo Coey,"1773053655",433.00,2020,6,1
356,Erika Jaksic,"4044585075",433.00,2020,6,1
3,Melony Cleary,"6449084391",433.00,2020,6,1
465,Tallou Marl,"3861303515",433.00,2020,6,1
813,Gabie Andriulis,"3167378565",432.00,2020,6,1
629,Kikelia Abrahamsohn,"3666829279",432.00,2020,6,1
369,Luz Caller,"9286281803",432.00,2020,6,1
37,Veriee Ginnelly,"5374704362",432.00,2020,6,1
280,Amalle Sabben,"2212726686",431.00,2020,6,1
60,Claudina Stainland,"3986313257",431.00,2020,6,1
631,Bren Jonson,"6589498105",430.00,2020,6,1
365,Donny Vasyukhnov,"0750562080",430.00,2020,6,1
971,Fidel Dearnaley,"9998042097",430.00,2020,6,1
28,Verge Pitkeathley,"6517090975",430.00,2020,6,1
427,Artair Baugham,"3190257299",429.00,2020,6,1
248,Dolores Worrill,"9144962894",429.00,2020,6,1
841,Fred Joe,"8432642185",429.00,2020,6,1
863,Irving Everwin,"3141908923",429.00,2020,6,1
843,Benni Dyke,"5242501626",428.00,2020,6,1
789,Kalli Kahn,"9672108230",428.00,2020,6,1
444,Lizbeth Trimby,"6542869506",428.00,2020,6,1
641,Blaine Liebrecht,"6564813791",427.00,2020,6,1
339,Colin Shervington,"6357588962",426.00,2020,6,1
372,Ilene Coopland,"9792269673",426.00,2020,6,1
291,Jordan Gratton,"5632612783",426.00,2020,6,1
15,Ezekiel Benfield,"0913077739",425.00,2020,6,1
635,Boyd Eye,"6272454597",424.00,2020,6,1
929,Costa Swires,"2268558789",424.00,2020,6,1
563,Denney Curedell,"0820852562",424.00,2020,6,1
176,Denney Nassau,"0735055955",424.00,2020,6,1
652,Jacklin Franzke,"9571649015",424.00,2020,6,1
752,Kennett Goddard,"1582744750",424.00,2020,6,1
946,Rora Orring,"9155803318",424.00,2020,6,1
991,Tersina Hobbing,"8579073561",424.00,2020,6,1
575,Bride Bener,"0370729080",423.00,2020,6,1
648,Jemimah Osanne,"8468128430",423.00,2020,6,1
888,Karlee Costello,"2815650959",422.00,2020,6,1
707,Nikolai Polack,"8361095241",421.00,2020,6,1
623,Oneida Goodison,"8204412215",421.00,2020,6,1
301,Patricio Frederick,"5236998565",421.00,2020,6,1
249,Ben Waldram,"2189082080",420.00,2020,6,1
305,Jammal O' Dornan,"4419996986",420.00,2020,6,1
164,Kendra Knibley,"9876530933",420.00,2020,6,1
687,Annora Shillan,"1797302604",419.00,2020,6,1
744,Conchita Lucien,"7533929896",419.00,2020,6,1
200,Marie-ann Twigley,"0938820311",419.00,2020,6,1
818,Sammie Fallows,"6954904953",419.00,2020,6,1
549,Sidonia Trusty,"5210447995",419.00,2020,6,1
973,Renate Beckford,"7337563272",418.00,2020,6,1
436,Tracie Redmire,"6708265818",418.00,2020,6,1
231,Jamie Huckerby,"7497859021",417.00,2020,6,1
826,Ariadne Scutter,"8551282646",416.00,2020,6,1
385,Britteny Unstead,"6927300546",416.00,2020,6,1
741,Keith Peskin,"6205787393",416.00,2020,6,1
961,Giraldo Romei,"2034475852",415.00,2020,6,1
354,Zacherie Bogaert,"3765918962",415.00,2020,6,1
679,Brina Bande,"3873158329",413.00,2020,6,1
778,Torey Coleridge,"2683997868",413.00,2020,6,1
541,Blisse Hearnshaw,"0858721864",412.00,2020,6,1
223,Cherye Aupol,"3516340754",412.00,2020,6,1
721,Granger Parvin,"7040939053",412.00,2020,6,1
48,Jeniffer Livard,"9659255667",412.00,2020,6,1
34,Kasey Frick,"5526431606",410.00,2020,6,1
221,Rick Bragge,"6945009289",410.00,2020,6,1
565,Shannon Grishagin,"3319758705",410.00,2020,6,1
331,Lenette Lacroutz,"9176288501",408.00,2020,6,1
562,Ilyssa O'Hare,"1905568959",407.00,2020,6,1
942,Marielle Rollinshaw,"9494708636",406.00,2020,6,1
190,Pearle Petrozzi,"7577564192",406.00,2020,6,1
586,Lyndy Pietersma,"4419950056",405.00,2020,6,1
353,Prescott McOrkil,"1862761574",405.00,2020,6,1
805,Washington Shoorbrooke,"1222989220",405.00,2020,6,1
346,Ashli Dodwell,"6540603134",404.00,2020,6,1
450,Rafe Binder,"6621907516",404.00,2020,6,1
689,Kettie Karpychev,"1821437853",402.00,2020,6,1
594,Moira MacElharge,"5886669183",402.00,2020,6,1
484,Rube Cholonin,"4443937706",402.00,2020,6,1
886,Alex Quimby,"9839698427",401.00,2020,6,1
401,Barth Keppie,"1819313077",401.00,2020,6,1
1000,Debor Lyles,"9242500356",401.00,2020,6,1
690,Hurlee Jammet,"2424844291",401.00,2020,6,1
487,Katey Spaule,"2970732807",401.00,2020,6,1
448,Margareta Galletly,"0709345526",401.00,2020,6,1
763,Prinz Pendrigh,"6850741748",400.00,2020,6,1
624,Avery Kitchingman,"3612307223",399.00,2020,6,1
152,Alexa Caldecourt,"2220752615",398.00,2020,6,1
420,Claire Leijs,"8467923954",396.00,2020,6,1
618,Giovanni Manjin,"9728692641",396.00,2020,6,1
498,Karla Tinner,"5995722735",396.00,2020,6,1
533,Benjy Meert,"6704705937",395.00,2020,6,1
936,Brendan Raith,"4097515896",395.00,2020,6,1
539,Cindelyn McGilvra,"3651393984",395.00,2020,6,1
885,Barbi Josephson,"0118767607",394.00,2020,6,1
798,Stephie Gini,"6682832974",394.00,2020,6,1
558,Lorry Scotson,"9458720664",393.00,2020,6,1
884,Dayna Jutson,"4445059994",392.00,2020,6,1
341,Tabina Kimmince,"4122354641",392.00,2020,6,1
931,Saudra Twitchings,"0173025668",391.00,2020,6,1
773,Travers Pitchers,"9002128924",391.00,2020,6,1
138,Meta Whylie,"6751341113",390.00,2020,6,1
566,Leta Limpertz,"2291548190",389.00,2020,6,1
366,Marylou Sherington,"0705581373",388.00,2020,6,1
824,Wilton Chipman,"3047221308",388.00,2020,6,1
297,Emili Altree,"8721712077",387.00,2020,6,1
680,Charles Jonuzi,"2551308291",385.00,2020,6,1
657,Derk Addenbrooke,"7904505614",384.00,2020,6,1
543,Vick Staniford,"8013647714",384.00,2020,6,1
506,Falito Warlton,"5825378111",382.00,2020,6,1
169,Zarah Maruska,"2835743537",382.00,2020,6,1
902,Arman Peirazzi,"6269682010",381.00,2020,6,1
659,Marius Coorington,"8638658877",381.00,2020,6,1
972,Llywellyn Sawers,"7784328214",380.00,2020,6,1
674,Alley Chisholm,"3850442810",379.00,2020,6,1
520,Nealon Broose,"7795431399",379.00,2020,6,1
363,Rachael Bocking,"4696256251",379.00,2020,6,1
211,Kenny Spurritt,"9172442328",378.00,2020,6,1
463,Sapphira Blackburn,"0973595523",378.00,2020,6,1
486,Shaine O'Donegan,"8385404503",378.00,2020,6,1
42,Herculie Eric,"0881357995",377.00,2020,6,1
109,Brandice McConachie,"9596944797",376.00,2020,6,1
536,Roscoe MacBean,"1749316390",376.00,2020,6,1
144,Smitty Camier,"3834663344",376.00,2020,6,1
340,Ronald Stegel,"4067086083",375.00,2020,6,1
349,Rooney Stalley,"4812697646",375.00,2020,6,1
670,Mahmud Dudenie,"5728401163",374.00,2020,6,1
716,Sara Gadsden,"0664037453",374.00,2020,6,1
871,Bernardina Sevitt,"8964712056",373.00,2020,6,1
348,Deanna Goare,"9829197573",373.00,2020,6,1
9,Patrizia Caush,"6893770677",373.00,2020,6,1
213,Nicolette Szymonowicz,"8089642233",371.00,2020,6,1
300,Maryanne Fairclough,"0259751324",370.00,2020,6,1
872,Darsey Hatzar,"5561370235",369.00,2020,6,1
166,Fitzgerald Ucceli,"9806352726",368.00,2020,6,1
979,Karalee Fillary,"7560243045",368.00,2020,6,1
829,Wayland Paolino,"3090087715",368.00,2020,6,1
837,Sarajane Wonfar,"2814103571",367.00,2020,6,1
686,Elka Dumper,"6045158733",366.00,2020,6,1
710,Radcliffe Alsina,"5372996765",366.00,2020,6,1
945,Robby Attwool,"1069914061",366.00,2020,6,1
646,Viviana Spybey,"6966734896",366.00,2020,6,1
564,Cassandry Shugg,"8556902340",365.00,2020,6,1
155,Matilde Babar,"2511313545",364.00,2020,6,1
642,Charlotta Heasley,"7704921193",362.00,2020,6,1
864,Pierrette Dowgill,"1631809032",362.00,2020,6,1
276,Roi Wiffler,"2956702874",361.00,2020,6,1
810,Borden Echallier,"4928178041",360.00,2020,6,1
851,Donnamarie Van den Hof,"9147412968",360.00,2020,6,1
287,Matt Danis,"8888344020",360.00,2020,6,1
422,Zorina Cauldwell,"4709427208",360.00,2020,6,1
479,Murielle Cornelisse,"6273265224",359.00,2020,6,1
411,Shaun Goodyear,"4578284913",359.00,2020,6,1
63,Bobinette Raigatt,"2409974694",358.00,2020,6,1
18,Curry Nisco,"3930372436",358.00,2020,6,1
516,Eleen Brafield,"6173695081",358.00,2020,6,1
842,Judy Mordaunt,"4580115708",358.00,2020,6,1
279,Dasya Hammerson,"6051439382",357.00,2020,6,1
376,Lorry Lettice,"5878835878",356.00,2020,6,1
191,Maximilien Bramwich,"7950337354",355.00,2020,6,1
925,Patty Lyster,"1029000263",355.00,2020,6,1
99,Fianna Hukin,"0520004256",354.00,2020,6,1
757,Upton Butts,"6276403121",354.00,2020,6,1
968,Berny Rowet,"9136878898",352.00,2020,6,1
397,Julia Bogie,"2194759506",352.00,2020,6,1
903,Sherm Matis,"6132370668",351.00,2020,6,1
930,Thorny Whybray,"4743121515",350.00,2020,6,1
469,Garrett Fleay,"7053275027",349.00,2020,6,1
406,Willetta Stannus,"6867579132",349.00,2020,6,1
714,Boy Iban,"3808332425",348.00,2020,6,1
995,Hagan Dillingham,"9397883356",348.00,2020,6,1
32,Joana Siberry,"0273963236",348.00,2020,6,1
890,Loni Westley,"8818453998",348.00,2020,6,1
724,Catherin Tittletross,"8567970881",346.00,2020,6,1
573,Jeffry Grieve,"4474955218",346.00,2020,6,1
197,Mercy Rubica,"2578347131",346.00,2020,6,1
723,Papagena Fortune,"5412917097",346.00,2020,6,1
746,Dannie Mabbs,"0113574363",345.00,2020,6,1
720,Forest Astell,"3650049015",345.00,2020,6,1
633,Maridel Flode,"6246611133",343.00,2020,6,1
495,Euell Busch,"4313018026",342.00,2020,6,1
568,Carroll Crowcroft,"0072587768",341.00,2020,6,1
628,Celka Higford,"3585319378",341.00,2020,6,1
567,Hugues Ellson,"1544089031",341.00,2020,6,1
807,Shalne Vobes,"6608392826",341.00,2020,6,1
787,Lorelei Snowsill,"7147963598",339.00,2020,6,1
916,Cecilla Jonathon,"4334897886",338.00,2020,6,1
31,Chelsy Gaythwaite,"3168033367",338.00,2020,6,1
882,Amii Payle,"3057030890",337.00,2020,6,1
471,Caesar Fairbrother,"5501870479",337.00,2020,6,1
665,Heidi Swalwell,"9420925560",336.00,2020,6,1
20,Demetrius Firth,"7807670436",335.00,2020,6,1
600,Rollins Vivyan,"7161888352",335.00,2020,6,1
761,Townie Hadeke,"6306342524",335.00,2020,6,1
128,Marlin Shearn,"5663792570",334.00,2020,6,1
316,Ynes Hodge,"9576764963",334.00,2020,6,1
447,Christie Hanssmann,"5598098148",331.00,2020,6,1
932,Reinhold Coggings,"3136537378",331.00,2020,6,1
342,Susanne Bachellier,"2074327862",331.00,2020,6,1
865,Conn Walewski,"1117164004",330.00,2020,6,1
198,Shoshanna Mulliner,"8543700957",330.00,2020,6,1
458,Tabbitha Meineck,"0841768048",330.00,2020,6,1
134,Belita Pohl,"7130588888",329.00,2020,6,1
332,Gwyn Bruffell,"7727339814",329.00,2020,6,1
493,Frannie Alston,"4712796626",328.00,2020,6,1
500,Harriot O'Crotty,"0539194190",328.00,2020,6,1
81,Gipsy Batthew,"1541862171",327.00,2020,6,1
713,Jo Jagiela,"6971345177",327.00,2020,6,1
115,Mal Dugan,"0880894822",327.00,2020,6,1
526,Shellie Jennens,"7016944646",326.00,2020,6,1
873,Robby O' Mullan,"2559137410",325.00,2020,6,1
304,Joellen Howels,"2214331662",323.00,2020,6,1
574,Mel Gernier,"8159271379",323.00,2020,6,1
435,Prince Onraet,"9056875523",322.00,2020,6,1
911,Quinta Shearman,"2319921427",322.00,2020,6,1
417,Talbot Haps,"7476664078",322.00,2020,6,1
732,Dixie Pude,"0810888920",321.00,2020,6,1
507,Meyer Eakle,"0825067634",321.00,2020,6,1
245,Donny Elfitt,"1075663512",319.00,2020,6,1
759,Byram Obal,"8703952673",318.00,2020,6,1
491,Stanly Donn,"3725224293",318.00,2020,6,1
388,Dinah Palatini,"7050056472",317.00,2020,6,1
550,Wilfred Easby,"6692053552",316.00,2020,6,1
47,Faye Brodhead,"4205057652",314.00,2020,6,1
253,Marie-ann Wicks,"6096145787",314.00,2020,6,1
324,Wenonah Bradick,"1816353566",312.00,2020,6,1
7,Egon Osbourn,"5299231016",311.00,2020,6,1
97,Pennie Garlette,"1687298548",311.00,2020,6,1
992,Darcy Stenners,"0306252201",310.00,2020,6,1
528,Galvin Goulder,"1597922862",310.00,2020,6,1
35,Kaye Oldfield-Cherry,"8070142057",310.00,2020,6,1
585,Terri Penman,"4172334822",310.00,2020,6,1
887,Shane Nancekivell,"0672426250",307.00,2020,6,1
548,Dill Hayto,"3058647565",306.00,2020,6,1
368,Rosemarie Rosina,"6629297598",306.00,2020,6,1
584,Anett Legrave,"6974532881",304.00,2020,6,1
480,Maggie Long,"9753585918",304.00,2020,6,1
457,Odell Gerrels,"4851142374",304.00,2020,6,1
336,Raddie Enterlein,"2984547586",304.00,2020,6,1
107,Ade Pentlow,"8158825311",303.00,2020,6,1
1,Sileas Darbyshire,"3452144119",302.00,2020,6,1
792,Karylin Ceely,"0999403907",301.00,2020,6,1
234,Roselle Tash,"8716315022",300.00,2020,6,1
518,Godiva Tinsley,"0631104399",299.00,2020,6,1
967,Hube Lackmann,"4169970322",299.00,2020,6,1
561,Zonnya Slocomb,"4787354884",299.00,2020,6,1
754,Jonathan Lardge,"6781786024",296.00,2020,6,1
142,Dacy Pauncefoot,"5487202877",294.00,2020,6,1
987,Horatia Swadden,"0304631744",294.00,2020,6,1
906,Oliviero Raye,"3750777004",293.00,2020,6,1
22,Ursula Di Matteo,"7891371423",293.00,2020,6,1
181,Shirline Brunetti,"8516044750",292.00,2020,6,1
844,Ariadne Esmead,"5553269059",291.00,2020,6,1
90,Kylen Kegg,"6116630324",291.00,2020,6,1
314,Sheila-kathryn Ruppel,"4491828180",291.00,2020,6,1
212,Maudie Tilford,"6676220784",289.00,2020,6,1
41,Nikita Blethin,"3520491982",289.00,2020,6,1
808,Antons McCurlye,"7111585445",288.00,2020,6,1
267,Tom Casewell,"9171452435",288.00,2020,6,1
237,April Britton,"6423092346",285.00,2020,6,1
294,Fawne Imos,"1238368794",284.00,2020,6,1
512,Monro Nacci,"4861159822",284.00,2020,6,1
527,Shirlee Urling,"0459262246",284.00,2020,6,1
308,Gill Eilles,"8651962665",283.00,2020,6,1
67,Thornton Skull,"9893251206",282.00,2020,6,1
156,Udell Stallebrass,"9737239598",282.00,2020,6,1
468,Evonne Beckinsall,"3978587475",281.00,2020,6,1
637,Hugo Squibe,"6200640963",281.00,2020,6,1
849,Jacobo Midlar,"4851219865",281.00,2020,6,1
426,Sawyer Clorley,"7024176687",280.00,2020,6,1
351,Sherlock Withrop,"8411723720",279.00,2020,6,1
766,Onofredo Ginglell,"8600629187",277.00,2020,6,1
173,Tadeo Ravens,"0938587110",275.00,2020,6,1
781,Erina Ions,"3673273868",273.00,2020,6,1
83,Prescott Woffinden,"6488354140",273.00,2020,6,1
485,Rowan Ord,"0311287905",273.00,2020,6,1
33,Ellerey Cleife,"4937585169",270.00,2020,6,1
355,Candide Maffioletti,"7829125171",268.00,2020,6,1
970,Quentin Ramsdale,"3295922950",267.00,2020,6,1
243,Collen Adamovitch,"8215721850",265.00,2020,6,1
412,Donaugh Sarah,"3590202343",265.00,2020,6,1
850,Abigael Bentham3,"1761985825",261.00,2020,6,1
557,Charo Fromont,"7766059665",259.00,2020,6,1
675,Alisander Conring,"8559720863",254.00,2020,6,1
632,Georgine MacNockater,"1868419592",253.00,2020,6,1
556,Alastair Pashba,"3199397387",252.00,2020,6,1
785,Anya Brockwell,"5950890329",252.00,2020,6,1
261,Dave Borrie,"9580365237",252.00,2020,6,1
430,Tiebout Pedrielli,"3870617276",252.00,2020,6,1
959,Cristobal Perrycost,"9084606574",250.00,2020,6,1
976,Mattias Scholey,"0714515167",248.00,2020,6,1
736,Merrielle Gillogley,"8835508282",248.00,2020,6,1
214,Kennan Child,"7336448127",246.00,2020,6,1
854,Idaline Goney,"6158106267",245.00,2020,6,1
395,Rachele Espinal,"3564123156",245.00,2020,6,1
868,Farand Brawn,"1631519107",243.00,2020,6,1
524,Carlee Leaton,"2128575893",242.00,2020,6,1
904,Kimberly Blaxter,"3750906734",242.00,2020,6,1
647,Pauline Hatch,"9809831560",241.00,2020,6,1
43,Helyn Whitrod,"3940914304",240.00,2020,6,1
398,Peyter Gaven,"8481015644",238.00,2020,6,1
13,Jonathon McVeagh,"8795443991",235.00,2020,6,1
937,Gwen Sunter,"9869143121",234.00,2020,6,1
116,Abe McQuade,"6569754904",232.00,2020,6,1
136,Ivy Calven,"4740137275",229.00,2020,6,1
285,Pippa Verity,"0224751808",229.00,2020,6,1
915,Giraud Lipman,"8273609243",228.00,2020,6,1
607,Raddy Lattka,"5481523566",225.00,2020,6,1
478,Fannie Spini,"4389010816",224.00,2020,6,1
685,Ephraim Kendrick,"0379093537",222.00,2020,6,1
320,Parke Buffy,"9188397467",219.00,2020,6,1
137,Bennie Boam,"5148098953",218.00,2020,6,1
827,Dinnie Lortzing,"8266701903",214.00,2020,6,1
46,Lil Nellen,"5652640979",201.00,2020,6,1
73,Lelia Koeppe,"5226696205",199.00,2020,6,1
431,Cammi Robison,"9564810094",198.00,2020,6,1
193,Nathan Lowdwell,"0082463638",198.00,2020,6,1
671,Hildagarde Carslake,"4696142000",197.00,2020,6,1
809,Amie Ibbeson,"5057069438",195.00,2020,6,1
183,Haywood Croker,"0698099575",184.00,2020,6,1
728,Goddard Engall,"8586410071",169.00,2020,6,1
70,Reid Bredee,"4949348493",148.00,2020,6,1
591,Evyn Paolone,"8288826407",92.00,2020,6,1
